id,effective_date,kind,event,source,confidence,note
HTP,2013-06-03,transmission,Hudson Transmission Project (660 MW PJM to New York City) in service,https://hudsonproject.com/wp-content/uploads/2013/06/Hudson-Operation-Release-FINAL-06-03-13.pdf,high,
RGGI14,2014-01-01,policy,RGGI cap cut to 91 million short tons,https://www.rggi.org/sites/default/files/Uploads/Auction-Materials/23/PR011314_Auction_23_Notice.pdf,med,start day not opened at source
GJLOC,2014-05-01,capacity,G-J (Lower Hudson Valley) capacity locality starts,https://www.engieresources.com/ferc-approves-nyiso-plan-for-new-capacity-zone,high,secondary source
CTS_PJM,2014-11-04,scheduling,Coordinated Transaction Scheduling with PJM go-live,https://www.power-eng.com/operations-maintenance/nyiso-pjm-expected-to-lower-energy-costs-through-coordinated-transaction-scheduling/,high,
CSP,2015-11-01,shortage_pricing,Comprehensive Shortage Pricing (SENY reserve region; revised shortage curves),https://www.nyiso.com/documents/20142/1411342/Comprehensive%20Shortage%20Pricing%20October%20MIWG%20FINAL.pdf/40b3ea47-2f9f-39ee-a78b-ece60e1bcfb6,med,month only; day set to the 1st
CTS_NE,2015-12-15,scheduling,Coordinated Transaction Scheduling with ISO New England go-live,https://isonewswire.com/2015/12/29/two-major-iso-ne-projects-go-live-coordinated-transaction-scheduling-cts-and-generation-control-application-gca/,high,
ZEC,2017-04-01,policy,Zero-emission credit deliveries start (Clean Energy Standard order 2016-08-01),https://www.nyserda.ny.gov/-/media/Project/Nyserda/Files/Programs/Clean-Energy-Standard/Agreement-Sale-of-ZECs.pdf,med,
CPV,2018-10-01,fleet_add,CPV Valley Energy Center (680 MW) commercial operation,https://cpv.com/2018/09/30/competitive-power-ventures-achieves-commercial-operation-at-680-mw-cpv-valley-energy-center-new-york/,med,release dated 2018-09-30
CRICKET,2020-04-01,fleet_add,Cricket Valley Energy Center (about 1.1 GW) commercial operation,https://www.power-technology.com/projects/cricket-valley-energy-center-dover-new-york/,low,month only; day set to the 1st
IP2,2020-04-30,fleet_retire,Indian Point Unit 2 permanent shutdown,https://www.tdworld.com/grid-innovations/generation-and-renewables/article/21130628/entergys-indian-point-unit-2-shuts-down-permanently,high,
EFSP,2020-12-15,pricing,Enhanced Fast-Start Pricing in NYISO markets,https://www.nyiso.com/documents/20142/16688820/13%20Enhanced%20Fast%20Start%20Proposed%20Manual%20Revisions_11-11-20%20BIC.pdf/6628f44b-e4b7-0ce2-9c96-6fe4aa8b11ae,med,go-live notice not seen
IP3,2021-04-30,fleet_retire,Indian Point Unit 3 permanent shutdown,https://www.nrc.gov/info-finder/reactors/ip3.html,high,
RRF,2021-06-17,reserves,Reserves for Resource Flexibility (SENY 30-minute reserve requirement raised),https://www.nyiso.com/documents/20142/12891716/3%20Reserves_for_Resource_Flexibility_FINAL.pdf/89165cef-43da-e54f-19f4-770728ccdc4d,med,date from search summary
ASSP,2021-07-13,shortage_pricing,Ancillary Services Shortage Pricing (reserve demand curve update),https://www.troutmanenergyreport.com/?p=11948,med,date from summary of a FERC compliance filing
PEAKER,2023-05-01,fleet_retire,NYSDEC peaker rule (Subpart 227-3) first compliance date,https://www.hodgsonruss.com/newsroom/publications/New-York-Adopts-Nitrogen-Oxide-Emissions-Rule-Aimed-at-Mitigating-Peaker-Plant-Emissions-and-Boosting-Energy-Storage,high,
